Timestamp,FRUITS_VEGGIES,DAILY_STRESS,PLACES_VISITED,CORE_CIRCLE,SUPPORTING_OTHERS,SOCIAL_NETWORK,ACHIEVEMENT,DONATION,BMI_RANGE,TODO_COMPLETED,FLOW,DAILY_STEPS,LIVE_VISION,SLEEP_HOURS,LOST_VACATION,DAILY_SHOUTING,SUFFICIENT_INCOME,PERSONAL_AWARDS,TIME_FOR_PASSION,WEEKLY_MEDITATION,AGE,GENDER,WORK_LIFE_BALANCE_SCORE
7/7/15,3,2,2,5,0,5,2,0,1,6,4,5,0,7,5,5,1,4,0,5,36 to 50,Female,609.5
7/7/15,2,3,4,3,8,10,5,2,2,5,2,5,5,8,2,2,2,3,2,6,36 to 50,Female,655.6
7/7/15,2,3,3,4,4,10,3,2,2,2,2,4,5,8,10,2,2,4,8,3,36 to 50,Female,631.6
7/7/15,3,3,10,3,10,7,2,5,2,3,5,5,0,5,7,5,1,5,2,0,51 or more,Female,622.7
7/7/15,5,1,3,3,10,4,2,4,2,5,0,5,0,7,0,0,2,8,1,5,51 or more,Female,663.9
7/8/15,3,2,3,9,10,10,2,3,1,6,1,7,10,8,0,2,2,10,8,3,51 or more,Female,722.3
7/8/15,4,2,10,6,10,10,3,5,2,8,8,7,5,7,10,0,2,10,8,10,51 or more,Male,727.2
7/9/15,3,4,5,3,5,7,4,0,1,8,2,8,10,6,0,2,2,8,2,2,21 to 35,Female,676.2
7/9/15,5,3,6,4,3,3,5,4,1,10,2,1,5,10,0,2,2,10,3,10,21 to 35,Female,702.8
7/10/15,4,4,2,6,10,10,0,4,2,3,2,3,0,6,0,0,1,3,8,1,51 or more,Female,634.4
7/10/15,2,4,7,7,1,1,3,0,2,2,2,7,4,8,7,3,2,3,0,6,36 to 50,Female,610.1
7/12/15,1,4,3,8,0,2,1,0,1,2,1,8,2,7,7,1,2,4,1,7,21 to 35,Male,618.6
7/12/15,2,2,10,5,2,8,3,4,2,7,1,6,10,8,0,0,2,5,2,7,21 to 35,Male,686.4
7/12/15,5,3,0,3,6,6,6,3,1,8,7,7,2,6,0,3,2,5,6,5,36 to 50,Female,689.6
7/12/15,3,3,2,3,7,5,3,2,1,8,0,2,5,8,3,2,1,4,5,4,21 to 35,Female,639.7
7/12/15,3,3,5,4,10,10,2,5,1,7,2,8,10,6,1,2,2,8,3,10,51 or more,Female,720.4
7/12/15,4,2,10,4,6,10,4,0,1,8,2,1,1,8,1,1,2,3,3,3,21 to 35,Male,673.5
7/12/15,4,2,10,10,5,10,0,1,1,7,1,10,2,8,0,3,2,4,8,6,21 to 35,Male,707.6
7/12/15,5,3,10,7,10,5,6,5,1,6,2,8,10,9,0,7,2,5,4,7,36 to 50,Female,727.8
7/13/15,3,1,6,10,10,6,3,5,2,8,4,1,5,8,0,0,2,5,1,2,36 to 50,Male,687.1
7/13/15,2,4,3,8,6,5,1,2,1,8,1,4,6,4,0,3,2,3,2,5,21 to 35,Male,652.9
7/13/15,3,5,5,4,5,3,2,5,2,10,6,3,3,7,5,7,2,10,10,10,21 to 35,Female,668.6
7/13/15,5,2,8,6,10,10,6,4,2,4,4,3,3,7,1,2,2,10,6,8,36 to 50,Male,709.4
7/13/15,2,2,6,10,10,10,10,5,1,10,6,7,4,7,0,1,2,10,5,7,36 to 50,Male,752.7
7/13/15,2,4,6,10,5,5,6,4,2,6,1,7,10,6,0,3,2,1,3,10,36 to 50,Female,677.7
7/13/15,1,5,1,3,6,5,3,5,1,2,2,8,1,7,0,6,2,5,1,1,21 to 35,Male,633.9
7/13/15,1,4,1,2,5,3,1,5,1,1,5,8,1,7,0,4,2,2,1,1,21 to 35,Male,628.8
7/13/15,2,4,10,3,10,7,8,3,1,6,0,5,5,7,0,1,2,10,2,2,21 to 35,Female,692.8
7/13/15,3,4,6,4,7,10,3,3,1,4,1,10,5,6,0,3,1,7,2,8,36 to 50,Female,673.2
7/13/15,4,2,10,3,1,2,3,3,1,7,2,4,1,7,0,3,2,10,1,7,Less than 20,Female,673.9
7/13/15,5,3,10,3,7,5,3,2,1,7,2,10,10,7,0,0,1,10,5,10,21 to 35,Male,712.5
7/14/15,3,1,3,5,2,10,4,2,1,5,4,3,10,8,0,1,2,10,4,1,36 to 50,Female,692.6
7/14/15,0,5,0,3,3,8,1,5,2,4,4,1,1,6,10,10,2,3,2,1,36 to 50,Female,574.5
7/14/15,1,3,10,3,2,3,2,0,1,2,2,5,2,8,0,0,1,4,3,7,51 or more,Female,630.1
7/14/15,4,2,10,6,10,8,10,2,1,10,2,10,5,7,0,3,2,10,4,10,21 to 35,Male,746.5
7/14/15,3,3,0,2,0,5,0,5,2,3,1,2,0,6,0,6,1,2,2,10,21 to 35,Male,591.7
7/14/15,2,3,7,4,10,8,10,5,1,5,5,2,10,6,0,3,2,10,6,10,51 or more,Female,729.4
7/15/15,2,5,1,8,5,2,2,5,2,2,0,10,0,8,7,10,1,2,0,10,36 to 50,Female,593.7
7/15/15,4,1,1,10,10,10,5,5,2,8,3,7,3,6,7,2,1,6,4,10,51 or more,Male,682.8
7/15/15,5,3,6,6,10,7,3,5,1,8,5,3,4,9,0,3,2,6,6,10,51 or more,Female,723.4
7/15/15,4,2,10,8,8,4,6,3,1,5,4,3,2,7,10,1,2,5,4,8,21 to 35,Female,687.3
7/15/15,4,3,10,8,10,3,2,3,2,0,0,3,0,5,0,2,2,4,0,2,51 or more,Female,635.9
7/15/15,2,3,0,8,10,10,1,2,2,5,0,2,10,9,0,3,1,10,0,10,51 or more,Female,655.2
7/15/15,3,2,4,1,1,10,3,2,1,7,5,7,2,7,4,3,1,3,5,8,21 to 35,Male,652.4
7/15/15,2,3,3,10,3,4,0,4,1,7,1,8,1,8,0,3,2,2,2,3,36 to 50,Female,657.9
7/16/15,3,5,10,2,9,10,5,5,1,10,1,10,10,5,10,7,2,7,2,2,36 to 50,Female,686.6
7/16/15,5,3,10,10,10,6,4,5,1,7,4,10,2,6,5,1,2,8,4,10,51 or more,Female,732.7
7/16/15,4,2,10,10,5,8,5,2,2,6,3,10,2,8,2,2,1,10,3,7,21 to 35,Female,685.5
7/16/15,3,2,8,10,10,10,8,5,2,10,3,7,10,7,1,2,2,10,3,10,51 or more,Female,742.5
7/16/15,2,3,3,10,10,10,5,1,2,7,4,2,6,8,0,2,2,4,1,1,36 to 50,Female,663.5
7/16/15,4,3,6,3,10,10,5,4,1,4,6,8,3,7,0,4,2,4,5,9,21 to 35,Female,710.4
7/16/15,3,5,8,9,5,10,4,2,2,8,4,10,2,8,10,4,2,3,3,5,21 to 35,Female,658.3
7/17/15,1,2,4,6,1,10,4,0,2,5,1,5,1,6,0,1,2,8,1,2,36 to 50,Male,633.1
7/18/15,5,2,3,6,4,9,3,2,1,5,3,6,3,8,0,3,2,2,3,5,51 or more,Female,677.9
7/18/15,4,2,5,10,10,2,5,3,2,4,2,1,1,6,10,1,2,3,4,4,21 to 35,Female,640.8
7/18/15,1,4,1,1,1,7,1,0,1,0,5,3,1,6,10,8,1,2,2,1,Less than 20,Female,557.9
7/18/15,4,2,8,6,2,10,1,1,2,6,3,5,10,8,3,3,2,10,1,2,36 to 50,Female,669.2
7/18/15,5,4,10,6,5,10,7,4,1,4,4,10,1,7,0,2,2,6,4,5,36 to 50,Male,712.5
7/18/15,4,3,10,1,10,2,4,5,1,9,2,10,2,7,0,0,2,10,1,7,51 or more,Female,712.5
7/18/15,0,5,0,2,1,2,0,5,1,0,0,1,0,10,0,2,1,1,0,0,21 to 35,Male,571.9
7/18/15,0,5,0,2,1,2,1,5,1,1,0,1,0,10,0,2,1,1,0,0,21 to 35,Male,575.3
7/18/15,4,3,1,7,5,8,5,3,1,7,3,8,3,7,10,1,2,3,9,4,21 to 35,Female,678.1
7/19/15,5,2,4,5,4,4,2,1,1,4,4,6,3,7,8,3,1,4,8,8,21 to 35,Male,648.8
7/19/15,1,1,10,2,1,5,1,0,1,5,4,8,1,6,5,0,2,4,1,7,21 to 35,Male,649
7/19/15,2,5,6,4,10,0,10,3,1,5,1,2,1,9,0,4,1,10,1,10,36 to 50,Female,656.9
7/19/15,3,3,6,8,7,6,6,2,1,8,4,5,3,6,4,7,2,5,4,8,21 to 35,Female,680.7
7/19/15,3,3,6,8,7,6,6,2,1,8,4,5,3,6,4,7,1,5,4,8,21 to 35,Female,663.7
7/19/15,2,1,3,3,2,4,1,5,2,5,2,10,1,7,0,1,2,5,3,10,21 to 35,Male,661.5
7/19/15,3,1,1,1,1,3,1,1,1,0,0,6,0,7,2,2,2,3,1,1,51 or more,Female,609.7
7/19/15,3,2,6,4,10,10,1,1,2,7,0,1,1,8,0,1,2,6,2,6,21 to 35,Female,656.5
7/19/15,4,3,10,10,10,10,3,3,1,9,3,8,3,8,0,0,2,5,6,10,21 to 35,Male,739.5
7/19/15,3,5,4,0,2,3,0,5,1,8,2,10,0,4,0,0,2,5,1,10,21 to 35,Female,657.5
7/19/15,0,4,0,2,2,3,1,0,2,1,0,4,0,4,0,10,1,1,0,0,36 to 50,Female,528.8
7/20/15,4,3,10,8,10,10,4,5,2,10,2,7,5,6,10,1,2,10,1,3,51 or more,Male,694.7
7/20/15,5,1,10,4,2,2,0,1,1,10,1,4,0,8,10,2,2,4,5,10,51 or more,Female,662.2
7/20/15,5,2,3,1,10,10,3,5,1,8,2,5,2,7,1,0,2,5,2,10,21 to 35,Female,704.7
7/20/15,5,2,10,1,4,5,0,5,1,8,2,10,1,8,0,6,2,10,1,6,36 to 50,Female,694
7/20/15,5,2,10,1,4,5,0,5,1,8,2,10,1,8,0,6,2,10,1,6,36 to 50,Female,694
7/20/15,3,3,8,10,5,7,3,4,1,8,4,10,5,8,0,1,1,10,3,7,21 to 35,Female,709.3
7/20/15,0,5,0,2,0,0,3,0,2,0,1,1,10,6,10,10,1,2,1,10,21 to 35,Male,538.8
7/20/15,1,1,2,2,1,3,4,0,1,2,2,8,10,8,0,1,2,1,1,10,Less than 20,Male,654.5
7/20/15,5,1,6,4,10,4,5,1,2,10,1,1,10,8,0,3,2,0,3,10,51 or more,Female,680.3
7/20/15,0,5,0,2,0,0,3,0,2,0,1,1,10,6,10,10,1,2,1,10,21 to 35,Male,538.8
7/20/15,3,4,8,7,5,7,8,2,2,7,2,3,4,6,6,5,2,10,0,4,21 to 35,Female,651.4
7/20/15,5,2,10,5,5,10,5,2,1,9,4,2,10,8,0,0,2,7,5,5,21 to 35,Female,724.7
7/20/15,5,2,3,6,10,10,5,2,2,5,2,6,0,6,1,0,2,8,2,5,51 or more,Female,677.5
7/20/15,4,4,8,2,10,10,6,5,2,6,5,7,8,6,10,0,2,10,3,7,51 or more,Female,696.4
7/20/15,2,4,10,6,4,5,3,1,1,8,1,2,2,8,0,1,1,10,6,4,36 to 50,Female,658.4
7/20/15,5,0,8,3,10,7,6,3,1,10,4,8,5,8,0,1,2,10,5,10,36 to 50,Female,749.7
7/20/15,5,0,8,3,10,7,6,3,1,10,4,8,5,8,0,1,2,10,5,10,36 to 50,Female,749.7
7/20/15,3,4,4,7,4,4,10,5,2,6,1,9,8,6,0,9,2,7,1,10,36 to 50,Female,676.4
7/20/15,3,4,1,4,2,5,2,2,2,1,1,9,0,6,7,10,2,2,0,10,21 to 35,Female,594.8
7/20/15,5,3,8,1,10,10,8,5,1,9,5,10,10,8,2,0,2,8,5,10,21 to 35,Female,758.6
7/20/15,3,4,3,1,4,3,4,0,1,5,0,7,1,6,1,7,2,10,1,10,21 to 35,Male,640.3
7/21/15,3,2,2,3,8,10,2,1,1,8,1,8,8,7,2,2,2,2,1,7,36 to 50,Male,678.1
7/21/15,2,3,10,4,10,10,3,1,2,8,3,4,3,6,0,1,2,10,1,7,36 to 50,Male,678.8
7/21/15,1,5,0,1,1,3,4,1,2,1,0,1,0,10,10,6,2,3,0,1,36 to 50,Female,551.5
7/21/15,5,5,2,2,10,8,1,0,1,9,2,10,3,6,3,3,1,4,2,1,21 to 35,Female,639.2
7/21/15,1,3,10,6,10,10,8,4,1,9,6,7,5,7,5,1,2,7,5,3,21 to 35,Female,718.7
7/21/15,1,3,10,6,7,10,7,3,1,9,4,5,5,7,4,2,2,7,3,3,21 to 35,Female,697.9
